"i","lambda.1","mu.1","lambda.2","mu.2","p"
1,3.601216814927,0.102216724052804,1.88506680851889,0.123438594369928,126.057585481274
2,2.8758651423025,0.214763122487981,2.60313637888151,0.790381584495092,129.415773567688
3,3.01510346155408,0.127634653998579,3.60342910421401,0.552836053359025,127.919889089218
4,2.10077117460367,0.28613871042823,2.73830670816419,0.768369147896809,130.645130817062
5,2.01691319202128,0.0868497133364929,3.29356833038406,1.07025430077558,130.465238282474
6,1.83132684463081,0.143881664361114,3.44211102930257,0.0385767346559286,130.013786577777
7,2.10605356438279,0.256724303734773,3.58093852400644,0.383504279188419,129.911091043989
8,1.9547709155959,0.0591811477972646,1.63260977474478,0.464215146986904,130.605992318793
9,1.75798121571269,0.0127708005119459,2.84913847925965,0.531517964731928,130.991685335628
10,2.43134806352824,0.0997986472253977,2.310604093204,0.377434876550411,131.381016500371
11,2.33295740574461,1.25222627907164,2.60648230693225,1.48396207148472,126.705586225408
12,3.08333641626811,0.354096564314815,3.08637601621532,0.969523337762936,128.201730185435
13,2.30048103042052,0.203489944036945,3.20766188967143,0.430149328206461,130.682216132553
14,2.85484688496919,0.644667540095721,1.98079357479379,0.19118321672058,130.010448299291
15,1.73003643741009,0.169495557988245,2.76360006663063,0.0333383692931397,130.742435621548
16,1.69893830989199,0.0217314108739258,2.30328888307749,0.554419623123255,130.849314639486
17,1.73488402447971,0.00299356673736033,1.41708944566147,0.406203445419729,129.711490987789
18,2.05525467050551,0.118759549470923,2.36847891530755,0.124932270397065,131.934507179448
19,2.53722467009679,0.20760267338015,2.07062533027262,0.214008005572898,131.205169935265
20,2.25291343871198,0.000155084523827804,2.22183725592301,0.0618203479386207,132.241101362045
21,1.81951586484749,0.0714790180415588,2.32539774385358,0.285535212547301,131.472981712036
22,2.52410620831942,0.20661463779887,4.11919945087246,1.8553249617644,128.526963159201
23,2.6164990625572,0.21034475752586,4.13291724742409,2.09513761547384,128.156211315467
24,2.58094933600137,0.313501219547231,4.05187712509311,0.0366885945365975,128.20353173138
25,2.74400511833642,0.547433704267253,2.07604226835356,0.23619221492638,130.357307899716
26,2.54017955648209,0.763260636000453,2.47419422460972,0.390976429856284,130.12162426023
27,2.52594076854719,1.24116989780555,2.51410219302186,0.066145080401755,129.153858023951
28,2.81004604130717,0.481736828808799,2.01925901657337,0.0365439671912939,130.543862204922
29,1.9771394946024,0.215888862735353,2.35883412443275,0.203378415597545,131.463606377354
30,2.27842485524387,0.151341456106905,2.01345625255751,0.911873789114117,130.243075017704
31,2.80401670285949,0.194976796264963,4.03544580429497,2.69367754607854,127.103225844762
32,1.52890171585213,0.352723683235816,4.07746067885075,1.66228121900617,126.184140369235
33,2.40444594726371,0.149386553943909,2.69536446829971,1.51949376129881,129.686016162787
34,2.4829835398016,0.209536756256761,4.0254704885541,1.84297870859461,128.7205667391
35,2.04020437072235,0.738062437057748,4.31225301317754,1.85725101990389,126.744355292264
36,2.68812417258476,0.49731057347019,3.21977971237271,1.88369083281989,128.34601454395
37,2.25329203819148,0.149005178243833,3.0401977259371,0.850031856577708,130.743157821354
38,2.16550382823942,0.97563697922264,2.3466236821761,1.72463345741934,126.430403202319
39,3.33541573815934,0.906404290421296,3.86008964312928,0.924906103880411,126.327331474175
40,1.93428250328373,0.874481051994229,2.53269120635559,0.499668775776585,128.326318252326
41,2.26230277508495,0.818135884983884,3.0071578589794,0.553757522740319,129.270037933154
42,2.17999539775933,0.0468647998477045,2.43153828344535,1.24505284720816,130.388096125066
43,1.98594331510928,0.164988495596806,3.03176217642683,0.363993506761648,130.950215661837
44,1.60526412292658,0.163896964800282,2.66668639616068,2.17820861370168,126.989595528453
45,1.98862925526441,0.397382729693697,6.10844670342142,2.78544504607872,124.76841827845
46,2.70900014574024,0.639236446955111,4.87824771867929,3.60680598654557,125.819823686451
47,2.1014924484568,0.305998557084949,4.41153749063806,3.89191515585123,126.396024753833
48,2.16690862042127,0.428147705472518,5.1685240623331,4.49388599267576,125.460480229454
49,2.52354399222138,0.306094517201854,4.00861380669734,1.0126830326856,128.76548323629
50,2.84378477057275,0.426119841778284,2.90052771302245,0.436252197609507,129.702358813884
51,2.41326247489597,0.23720238679951,2.94341762888343,0.736655503696936,130.599188480485
52,1.95154641875234,0.0462517087661345,3.10215473269266,0.546201627437735,131.055372699804
53,1.98444019762257,0.0357861056655011,4.35719367303889,1.70550379443076,128.938090544176
54,2.33951280190812,0.350948872103623,2.52149048565605,1.20621520528065,129.851537824026
55,2.34521938167139,0.544146024266452,3.69345167801164,1.28121141964524,128.913054881344
56,2.75842951666866,0.350865604154445,3.0026986122056,2.17885104973849,127.691766459455
57,1.74600057796702,0.116435617877355,3.07367766890994,2.18556389647146,128.327041004372
58,2.17959869681591,0.130021752788694,4.38548532518185,1.03758192082394,128.66511960236
59,2.50199786640661,0.0306735779975598,4.53544886674622,2.47296126333422,127.984387160856
60,2.71317095857669,0.698783630481827,4.18353862367914,2.54655207935848,127.035764639703
61,2.77941881176244,0.876088758218052,3.48502119171485,2.58117217220083,126.68192976903
62,2.53834820619124,0.930842978736476,1.75777776269002,0.207776011264227,129.57655408169
63,2.60230094682857,0.772446856540886,2.8451470812161,0.118718181351126,130.023882764687
64,3.08995135628569,0.741424013607302,1.6456438632353,0.21761935226041,128.709161200418
65,2.5445911909677,0.159002136505413,2.59702872789769,0.00797576524949512,131.354252580281
66,1.94276272366816,0.0765977098047889,2.38515860770171,0.485655039644962,131.449079501592
67,2.36410619956212,0.015940105633953,2.67102236966193,0.958868355523443,130.818954225852
68,1.57926904201385,0.0757029274902802,3.79979578906112,0.698020272930448,128.516425257492
69,2.61321119458683,0.425761738938763,3.57157319500887,1.64433191351782,128.751841977897
70,2.16021374891406,0.452764948776033,3.43740504729711,0.389147874469793,129.692722492328
71,3.0562628117828,0.161544707588279,1.43220577921907,0.650772010498968,126.892437702579
72,2.05814992645484,0.952829961319727,4.21006005555654,1.50074477008145,126.135329908519
73,3.25578305316647,0.432385397449109,6.50530387054115,2.52829203080131,121.342836405299
74,1.65452450271406,0.359892912709449,1.99566108134057,1.72588380379921,125.997454589748
75,3.06521253935009,0.721556735841827,3.70210793015973,2.08123153988019,126.847100402133
76,2.40170261999954,0.681273708157741,3.442790021285,0.478380461108842,129.224143924663
77,2.29182147871227,0.198438127712088,2.53813719235123,0.395280641978791,131.375131972801
78,2.1903843244506,0.0904847745580224,2.93094415580005,0.800760391845326,131.014006774453
79,1.54280689637192,0.176977451961333,2.25224295360062,0.551424624618672,129.31299275169
80,2.75765016296754,0.675074462289449,2.8439643186917,0.116330464557859,129.980815961249
81,2.76791409797997,0.345845786243114,2.73971245423628,0.0958993691277886,130.390628000286
82,2.63700622500353,0.0628596420560481,2.95685380195484,0.0920772656364761,130.649764408093
83,2.58946346213759,0.775557254258,3.90849843836005,1.13035290157789,128.077571625263
84,2.62778926362714,1.08798565936713,4.1091030502176,1.98213717686394,126.780489335992
85,3.36497200147412,0.222859710488863,4.40302356083444,2.39212808328906,124.46910952085
86,2.83106427764813,0.6530702274357,4.31871658736944,0.0773021706842772,126.563592014978
87,2.05516941094955,0.720264797431785,3.21044815991122,0.115172852332564,129.00982051502
88,2.0744901370196,0.274177376123924,2.04458154950289,0.662364420578495,130.51321191452
89,2.51750245539089,0.407118062073413,2.24012939588553,1.00276260281399,129.690512499857
90,2.54841393656314,0.362493787071972,2.25537159919102,0.157705122196607,131.139718485533
91,3.21687402868551,1.54719928709113,2.50594928555255,0.000380348993742887,128.43503083676
92,2.69512517550928,1.49863210777746,2.50149907367438,0.368270366256326,128.237014181413
93,3.52802952215856,0.959480449945797,2.82375298623946,0.586411303839273,127.067876110772
94,2.06667560705591,0.830291298353841,2.42072276140497,0.248284421884445,129.415001105634
95,2.6371060938528,0.269640342395341,2.83679271120718,0.146578723502754,130.661146762926
96,2.62565612800777,0.514489428164942,3.01918523217142,0.388453941431861,130.0498990943
97,2.62104156357166,0.382179077654555,2.21213540099959,0.93212866565551,129.645186091351
98,2.45292561610279,0.261178956385778,3.55559913979161,0.357585025333156,129.810034484124
99,1.8480462063043,0.131216470052365,3.9743766092896,1.2992819881678,129.057779827249
100,2.59587391658586,0.381715119659485,2.52670624255239,1.21976820018206,129.453696683573
101,2.04813701989644,0.0811286433389341,2.48118325220267,0.525825871667308,131.500669260424
102,2.03535896560351,0.389543623687347,3.71664647819277,0.281116141536055,129.112824747589
103,2.45165331103328,0.604553542254541,1.2108082115277,0.00754490700857609,129.188210966064
104,2.39384858918716,0.662735693086662,2.69849945372102,0.362729936335385,130.284574786287
105,2.55940566149103,0.752905783541776,3.70563344342668,0.137225943637442,128.473586819555
106,2.20485560025463,0.59444591828754,4.0418237742768,0.687949869914325,128.128868242157
107,2.34285947576168,0.0227579681847401,2.58044944126301,0.806858359491171,131.056553127685
108,2.15070371624285,0.572233263680625,2.52039564632558,0.100703210261947,130.683582154104
109,2.33670617461007,0.272918081648644,1.80809995275169,0.160049488341781,131.255680517489
110,2.36147740717974,0.434239102594524,2.92704920590695,0.288700199211232,130.642321367653
111,2.54001503550021,0.101002404532161,1.97115787849295,0.39174072908122,130.884946770498
112,1.80447261221235,0.086336011553678,2.49813699145918,0.696041382173834,130.812243334479
113,2.47578205898916,0.399153694921961,2.72589929603166,1.65531533342604,128.984933624817
114,2.60963013695674,0.359405861634353,2.80318645242779,0.711133954988372,130.201601671443
115,2.36966504179746,0.21570263212097,3.11391811761686,0.316355158666144,130.776533958183
116,1.8314152101287,0.2018794465788,2.71608588702467,0.275586443202294,130.869257468639
117,2.33277427425461,0.000263832182265834,2.67023985785748,1.02673513109024,130.798039595621
118,2.63993647588641,0.368207085082599,2.93709103159612,1.71873158948116,128.760505465118
119,2.66984845538666,0.336565324502436,3.43062490875805,1.81518153524395,128.615313548208
120,1.97852299614661,0.244439120593593,2.90023078401203,1.67032285854082,129.324114071826
121,2.08534440815639,0.140469035403331,3.18581119489181,1.97291764272887,129.380606803283
122,2.35782513678107,0.0803518134431757,3.40752488203845,3.08116180267569,127.498386794691
123,1.95264972042805,0.236741023659213,5.24509593519293,2.3842267937407,126.795387885693
124,1.81539471331606,0.257179318054972,1.75270646644964,1.11765209435526,128.191763847349
125,2.62646689841928,0.550176882557065,2.43325132084715,1.73347165837517,128.017317486891
126,2.45504648561743,0.536065460680107,2.87384900765053,0.6229607262627,130.187679866196
127,2.5369334806257,0.599447035071899,3.8220965670259,1.53175900938301,128.441857039298
128,3.04653251931683,0.215626899574062,4.24681484813033,1.46382419816469,126.622281536587
129,1.74302937099033,0.292484433325531,4.30949394407504,1.32739720956514,127.468314979111
130,2.57943774405972,0.548300259124343,2.52410528733461,0.361252332018842,130.512578411869
131,2.0060717760867,0.293589195690625,2.63777556430113,0.885064400389109,130.348522988999
132,2.28048046534204,0.228418951438355,2.81701959039671,0.9939878148808,130.526768026883
133,2.43026216936352,0.93689259018765,2.37167538139336,0.308124951571852,129.766551687969
134,2.85620558877774,0.505691335652753,2.50404830519306,0.837592979427799,129.322928034472
135,2.97675473145744,0.934924145871763,1.58569761588171,0.0432624989527737,129.14908036908
136,2.40888348104428,0.2883848675033,2.95176035161004,0.372390926124888,130.797154734161
137,2.16535467050071,0.360363959791224,2.69736156095158,0.259550042767776,131.042809976372
138,2.13094022251657,0.503313483472523,2.03399318182735,0.0107249626208155,131.075071919462
139,2.1610239150716,0.858964212481459,2.14250726446087,0.284226832565232,129.525074869484
140,2.7168164924632,0.087811511942926,2.31665791188081,1.86169643850121,127.621655448662
141,1.8786139409954,0.109114658136667,2.82998916126051,0.357488019977487,131.153282520091
142,2.14199670399238,0.216866529002963,1.98289942379096,0.197357102290477,131.543747425241
143,2.03980283738662,0.0442288201539603,1.84555615409076,0.338311315867123,131.480065586249
144,2.17434389662467,1.41412719093773,3.08378204719742,0.368555897617196,126.547129700578
145,2.38764657162611,1.39212512759775,3.11646521193426,0.122800818096875,127.510859259233
146,2.55616465582767,1.21704966768935,2.99127079285801,0.136463132197235,128.675938029256
147,2.47219135136188,0.382472535406486,2.10087173513635,0.314809058775087,130.939123158311
148,2.45799110059057,0.161929906973431,1.92261172726141,0.389160806467105,130.955153083227
149,1.92173076137978,0.769774965694554,1.84457339290969,0.698648382880741,127.806890670215
150,3.31835612280607,1.2941858090942,2.35509683411161,0.141929837386208,128.466656095184
151,2.79762940614908,0.860113705314995,1.87039745750421,0.145670603367963,129.840847036398
152,2.45668968613476,0.525308574649875,2.59524446583211,0.0366062942707669,130.948055852345
153,2.38687180048602,0.410108312188976,2.59287327349096,0.00373619052850654,131.248458391813
154,2.10704545702604,0.00330107862711907,2.05750243614539,0.0117562379088748,132.383572982934
155,2.01536466682825,0.103395640415402,2.14842503916287,0.0123475804948776,132.116071362676
156,2.15177724255193,0.409164784022113,1.60543607221034,0.302592560927621,130.182360840461
157,2.91555240219358,0.923044056427858,2.84669904503065,1.32813468716729,128.137058127454
158,2.44933159342016,1.04256220202119,3.25006218827014,1.02322549543495,128.252332653264
159,2.94226293470197,0.0748951965890417,3.12940962826205,0.978066817193073,128.669805455856
160,2.72023802492561,0.418597347204276,2.46789551671505,0.735470533758563,129.903537404497
161,2.62391962936627,1.68222499262444,1.48312020699881,0.0600982539192433,127.013490449668
162,2.95679815447668,1.43067749109112,2.39215952329873,2.2296101470715,124.77022334013
163,3.1649793321843,1.40126969931689,2.429582685005,1.25748788476187,126.934436571443
164,2.45191884924542,0.0397595932455162,3.48739240543685,0.694500985830457,130.155269313745
165,2.00703476052453,0.0212167224284571,2.4732119915115,0.727152466880899,131.339875002612
166,2.26103228416138,0.122244143715271,2.33336917449844,0.559439251617433,131.322205206209
167,2.87400627673118,0.912063736873979,2.79898822816013,0.344916583237258,129.354651547468
168,2.90069592110113,1.01956274220495,2.55930783306258,0.255351684873077,129.424482930905
169,2.76969408152219,1.3106437817402,2.80022209829973,0.249561769376286,128.730874057828
170,3.16938033087477,0.213546181864606,2.34957703749398,1.87370901242412,125.722156150996
171,1.78008518219243,0.109218134322554,3.17295898035601,1.333800084482,129.730134707166
172,1.81616860941505,0.210668852748143,3.08045383721702,1.50725799758404,129.287546234133
173,2.35723139512349,0.15924516226926,1.74600403239063,1.43396396454779,128.016411368651
174,2.12934942666764,0.172355539374578,4.4706235154876,1.48495467938764,128.491578147191
175,2.33339330575374,0.814832540747171,3.72083972428007,0.463799169269594,128.272261722002
176,2.65901547893549,0.818050420797877,1.68814285728074,0.522066955037842,128.906901082907
177,2.98080763445509,2.41026880781502,3.27335789872085,0.736365167436087,124.488182352976
178,3.92023869079243,2.22984136325814,2.47286531816563,0.848221662136673,125.242315666018
179,4.15579114119476,2.56660344635056,3.04502687725954,0.67861496012955,124.412007103321
180,3.20532400245726,1.73790740806315,1.78910742649881,0.403063254219707,127.178686891148
181,2.7202918040483,1.28311325791293,1.22668445683282,0.222629556715357,126.983421901813
182,2.51865484126964,0.628400265401335,1.93080845767558,0.654008313593311,129.589588289585
183,2.57048618981641,0.463673971987937,3.30228756072003,1.18898811991917,129.362863543382
184,2.07972452063368,0.117086884068501,3.11102968669672,0.309111008187455,131.093887713971
185,1.89130152029211,0.0328263712216843,2.74694845910647,1.81830125336247,129.440296873168
186,2.45184450648885,0.455704500685451,3.22255739587895,1.15468178229056,129.611463049292
187,2.3343272794482,0.432461909932991,3.18949116403269,0.0737702259318301,130.329322955589
188,1.79119027116623,0.330032561480944,3.05841067509643,0.911892957002183,129.38743571043
189,2.15742979671914,0.6647240082279,2.06791069094781,0.473705047035363,129.827076585425
190,2.318335862354,0.789988195231004,1.73052576065246,0.675316658419815,128.650308757114
191,2.44201192677605,0.156253494832658,1.69328610290424,1.10357049816416,128.678902869491
192,2.18444934575471,0.339720034475199,2.29963152884568,0.186371458194374,131.386635666623
193,2.17037229908296,0.523020817503364,1.96790281462812,0.304917432490236,130.516712347411
194,2.95075499593969,0.130481427134543,3.55698741500915,0.49454825803569,128.310270728043
195,2.34878345788571,0.757421521526156,1.81742489184257,0.460939704216979,129.487667059313
196,2.00142475444931,0.834884924823779,3.15952949523741,0.188356901467682,128.414132103578
197,2.57140312068657,0.86225962709036,2.14948710796988,0.481978448987112,129.680337640967
198,2.69656730669921,0.0755437996641015,3.01340099998716,0.441601377136789,130.185970543765
199,2.17073151314692,0.0806433565667091,3.31834470064185,0.999222130990937,130.553577625221
200,2.05498232893253,0.312119471105456,2.31092686887111,0.705082300112449,130.550751657388
201,1.9248457901661,0.201522905612558,2.13977134153736,0.577214647914202,130.75169343179
202,1.38251901770679,0.282627006800634,1.85545568124979,0.713250773891734,126.563037721664
203,1.39013119548664,0.343881728455998,3.25789306436681,0.221192270646296,126.653269158227
204,2.72205987826807,0.322919253581474,3.90306053392206,3.04916855103884,126.84247904742
205,2.25845911353834,0.54909886880585,4.65099305778148,1.68813984094806,127.279600581376
206,2.49227883343739,1.00641819721733,2.11428403124394,0.42636609667416,129.357009645705
207,2.66634726216674,0.782214975753641,1.83656892246331,1.03063627615257,128.051876345348
208,2.5436198071841,0.31523438539581,1.77625836523218,1.2508010372002,128.145709405815
209,2.34622214218234,0.50690018335481,4.3743520779815,1.17531843087089,127.870880756478
210,2.43794016548043,0.445675651875991,3.20878419671393,1.51481207327824,129.276716977477
211,2.17438576043515,0.122995576314834,3.57802323237989,2.01253168405889,129.379502804512
212,2.22126899516385,0.413134980198234,2.94449655645795,1.85452862377153,128.847014547069
213,2.56374229192329,0.118955350806415,2.27102760033933,1.77441445005824,128.211223940802
214,1.75103058328389,0.037390236191816,3.20308061505175,0.521523686771452,130.493552361116
215,2.51972852141728,0.309137011506335,1.89078915719933,0.728464708082779,129.863622621804
216,2.72464741998358,0.708152355744427,1.85646167692484,0.553507871220721,129.304870101514
217,3.28342300614286,0.639361596721032,2.59657324532453,0.833965705326922,127.767093435888
218,3.31316773205138,0.114437519954735,1.66753060413325,0.721299873893431,126.105029874552
219,1.67066487663884,0.10677048488332,2.75533225838902,0.80236448686817,130.054732725994
220,1.73157917966057,0.318380184292321,2.91930702923871,0.359558392239637,129.72678090404
221,2.35834199795073,0.0870346446124823,3.25560888758491,0.245479952701885,130.779029359567
222,2.61668645494633,0.565711137965474,2.84961452113633,0.0462223745538793,130.400598022953
223,2.10197579269372,0.546545406550714,2.63826858928283,1.7996984841238,128.124810116085
224,1.99972835818611,0.172995278165126,3.08025423302718,2.34550377189991,128.494535541335
225,2.05170484191873,0.146623258682091,3.45552070468122,1.25582235287669,130.051004516012
226,2.35678069669088,0.174756774268678,4.81864907269287,2.51099410610563,127.749615243313
227,2.24182278944758,0.290573786350156,4.02143036526411,1.50325246963272,128.975898190506
228,2.16280495147058,0.492715088158345,2.39974519061732,1.12970826685545,129.468765815887
229,1.99967903654996,0.451629211162062,3.51890914646921,0.456594253020532,129.238536436616
230,2.14408285696488,0.285471493171795,2.51974366819138,0.0470536197990661,131.55999189991
231,2.49607131458504,0.440957928457182,2.2666457105194,0.419386416713597,130.724851767464
232,2.49849833583508,0.0621973660957766,2.38490706522873,0.577989443909848,130.985464216967
233,1.95509612140222,0.24012161960917,1.74537936476398,0.4772775242707,130.299330089784
234,2.41114691781799,1.69611803135405,1.81699691133978,0.362675768710425,126.343694611326
235,2.55463232041126,0.321743362862159,2.59442256830743,0.354636522184714,130.843588101233
236,2.40732306849428,0.443240496050607,2.37086597109613,0.699525941636069,130.401003823336
237,2.3360107392357,0.0669653415021761,2.48358993141566,0.627099656833525,131.253564310098
238,2.35051936731717,0.438550126486,3.84013428945586,2.12418899277061,128.429928615783
239,1.91103245587754,0.198193110468537,3.5624620873191,0.562441413501855,129.801772820435
240,1.6717188152754,0.28946442308402,1.7178443009203,0.4143412171568,129.134164051786
241,2.75039495155858,0.243651561494026,2.5261842308661,0.137667397938305,130.654017902701
242,2.59588652122418,0.97276578748218,1.2650625195442,0.0332339101024426,128.49452854892
243,2.65411893656566,1.25502164411508,1.39526384167804,0.0195133429598474,128.311383137507
244,2.64841230495301,0.0449860368909677,1.68595527401624,0.0414080284538178,130.887045666952
245,1.84600815396295,0.0632850680168569,2.34777419939572,0.646902678866819,131.040728539131
246,2.96312581378264,0.194208119222779,2.51469627999412,0.223573537889523,129.761453085135
247,2.78421483813156,0.317275808126738,1.93453243134027,0.23124993282001,130.306897226739
248,2.70115678278081,0.478028228289219,2.67831502649572,1.09728112136773,129.39833978822
249,2.78628121923881,1.15327722095921,2.70761592732917,0.018152033070014,129.362005283328
250,2.7190891644386,0.425169389748277,2.66224592286799,0.0662003436896304,130.575242363975
251,2.01848402665932,0.47910698734677,2.7526830328191,0.0759674861445957,130.514553685885
252,2.76819302692571,0.377314862585084,1.54503220119491,0.0704526873112437,129.986297471453
253,2.40635538326271,0.760280774845309,3.60136160776553,2.40485820278397,127.396963440147
254,2.03235691839724,0.634997794545892,3.6133258728384,0.586106055653088,128.471036866891
255,2.51337962655729,0.621585536651232,3.56766020587672,0.0321735727834716,129.061827056971
256,2.63658903225085,0.0999548217104653,1.97384387573168,0.215892448840228,130.940530977912
257,1.35481364385908,0.0553609319847949,2.82190294748248,0.600895775741215,128.320473163124
258,3.01906793436283,0.628050507902001,3.36940019045861,2.51648481537182,126.404262608556
259,2.89101466707906,0.941849233481944,3.5256947224208,1.17215603810349,127.958611906731
260,2.91975358560811,0.800052507469719,3.04063799998828,1.70558228451715,127.744162101278
261,2.40856414118853,0.458871797405301,2.7622300501598,0.98878762322251,130.009755935306
262,2.45221288267921,0.247548354801606,3.5913930841881,3.31670125596245,126.832642111486
263,2.40364592876762,0.458252332538111,4.25794431273333,0.663175457241498,128.042971347538
264,2.67668523046064,1.03562481616433,2.56386642234717,0.904988422131904,128.770499421529
265,2.64383898752302,0.935573331893877,3.87121180986168,0.41692034757844,127.744009446944
266,3.11225660937079,1.25148792772669,2.11235653467913,0.0163869552934616,129.146786730606
267,2.43711769743549,0.415651262852204,2.04529137480512,0.876894664529635,129.758851649541
268,2.31402802511023,0.231848151856941,1.89158684736181,0.702848834172731,130.314812500147
269,2.75649694528429,0.319418158418845,2.61298544476485,0.687367158319401,129.943268623792
270,1.88770798464759,0.0300683869897484,2.76019707250359,0.502039227295585,131.358847162657
271,2.64323797721528,0.383936726562356,2.30744176177549,1.5271961982341,128.45022705042
272,1.3188104956143,0.403944247395744,2.43337514545071,1.25320314937677,124.828629894904
273,2.3805477160315,0.168744894121691,3.75393151776276,1.20134973826636,129.573795228016
274,1.59791852208433,0.207639684065614,2.25507285131798,0.60581450923401,129.429997034786
275,2.16308498770897,0.409952666736108,2.8746234882441,0.844980716276073,130.222604141649
276,2.4004557369123,0.595608793073264,2.47468479565121,0.122450460127509,130.830739309474
277,2.32710536856354,0.0291916575452881,2.75334157433189,0.166758464326055,131.664873654376
278,2.51212040626978,0.266668203977425,2.00920792612957,0.415325882367746,130.778736000633
279,1.83635548676464,0.225404929338886,3.36817459307958,0.228970778176796,129.887020995702
280,2.52054446148063,0.117239807477214,1.60248698825802,0.343286076695952,130.329334106624
281,1.64625381649196,0.182251804192928,1.67262064630575,0.0481576870531224,130.220095004569
282,2.08485869565759,0.124807995377483,3.07004000175364,0.0713226711962841,131.224947852205
283,1.8546939711309,0.137103914938022,2.27708585046795,0.00788964166174417,131.70667543114
284,1.89427020650542,0.201489668235805,3.63191823118173,0.170814591604013,129.586959677644
285,2.28203601579428,0.234798094052531,3.09411245911028,0.94401417392783,130.435583652313
286,2.22784216124675,0.0658316129907293,2.54065021082914,1.4759167041331,129.982960686636
287,2.54282853565933,0.120177823705785,3.53246618996121,1.33414266738504,129.49510755695
288,1.78407012386565,0.193386946060641,3.01509832288638,0.761116334248528,130.07351212902
289,2.15543413918048,0.367404693544247,3.25064422729885,0.737676761368608,130.096740137088
290,2.22097424447068,0.830290896959331,3.6696746058433,1.90044865328642,127.509786266775
291,2.49710743787486,0.182224844364794,3.29794539087022,2.07064424481071,128.839954726641
292,2.52209019679882,0.722496087997508,3.42094199397583,1.41932203023961,128.660820490519
293,2.30669936657516,1.43895706339746,2.48248474143835,1.11970426362207,126.397596659337
294,3.11567145835103,0.120244140729713,2.86133378796382,1.3087134881773,127.561979268601
295,2.54292773023486,0.0480333765491249,3.27565830138987,0.965480146994383,130.056821347961
296,2.88694506223153,0.178003420384443,2.37117472958624,1.11376713350997,128.722846965665
297,2.70319039226988,0.220153441433874,3.27641876311011,0.666367827339667,129.656484008894
298,2.49056708864681,0.300587231418485,2.68576737010636,0.659863775047739,130.608035762031
299,2.89848208709778,0.799208712062778,2.58547517745848,1.65130458782067,127.579879216437
300,2.62591449516524,1.36340025109182,2.46137042368021,0.370886469563396,128.588986943415
301,2.76377012122417,1.37366982667509,3.33414209339853,0.297432646599589,127.769094060606
302,2.63069360224321,1.42214927745973,3.3128084046291,0.354177044102847,127.532727142591
303,2.97368633157977,1.48253071587591,1.61909896488063,0.693305048955042,126.696269411386
304,2.74773286128482,0.117782134266491,1.50065106674537,0.667050481641196,128.421473785131
305,2.3913777593403,0.272082804305601,3.22713912339323,1.41455068555555,129.735158313882
306,2.08719225053539,0.252595817665389,1.93907971326827,1.21384530697537,129.097749570394
307,2.35670829737092,0.0276058835467387,3.72227657672178,1.82814005472989,129.465583381584
308,2.21254109614299,0.0307166746451915,3.86862996474441,0.81082931704314,129.868525048507
309,2.08696968722799,0.260242940309424,2.00245992508942,0.0724295632293697,131.619010832613
310,2.40379871614667,0.790386700197615,1.75908371673777,0.669469816817818,128.817289971533
311,2.42311218377588,0.223113882204147,2.43102245168179,0.108542864510328,131.552096743167
312,2.16856993324409,0.0895034749721521,2.0366108514968,0.231957129082413,131.81847411036
313,2.18717944448548,0.353244137366312,3.24909047563671,0.163199977722931,130.366504956452
314,2.66881056596497,0.356839144019983,2.85776882401319,0.550313711349218,130.187000678119
315,2.05238088834951,0.353160504123832,2.90550561877438,0.486823989265973,130.548474118307
316,2.60031782388225,0.928454334020135,2.51463700140385,0.336429398475887,129.788133190466
317,2.77626871188264,0.559766740418081,2.41221039028173,0.0403198096667963,130.537619028124
318,2.5054536901945,0.461692280290949,2.00849081368382,0.117805307129872,131.042065621532
319,2.76546004161002,0.351469211451219,2.09193174824201,0.21799126723163,130.496951376392
320,2.85170146248317,0.8701509569478,2.46859545052213,0.341148007120686,129.66143403909
321,2.21250373074022,0.0508406846549996,3.15945294414222,0.350659659820998,131.134400848401
322,2.3129686331098,0.297119170145196,1.8990868597837,0.272542788893013,131.123101124453
323,2.27660652975367,0.323761639151753,2.36824184931923,0.236421459774754,131.36786610206
324,3.06202674860895,1.27151633059128,1.80259103162266,0.00721268202302446,129.008301035076
325,2.8960886868307,0.399310708493403,2.61872968425564,0.0812385796778632,130.09120600643
326,2.15700459939247,0.817943069544993,2.43436002998624,0.0450898885613813,129.959796882799
327,2.4575118752046,0.780567704325135,3.29336084523579,0.405019370178286,129.259179578206
328,2.26723816871823,0.609458832671216,2.55106112108284,0.287399288096806,130.519836387769
329,2.61185084942655,0.773828341484389,2.57456265713005,0.104521018238366,130.312074944865
330,2.68634693906125,0.308678338846023,2.17421851427997,0.0344735614654569,131.050294753333
331,1.92260356288429,0.710154602427202,2.42230441873388,0.396253691577892,129.172902641844
332,2.91810304875607,1.33690095272878,2.7154316759612,0.556455591413938,128.434181184544
333,2.97400179796384,0.0612011147992201,2.76498773067236,0.495463889874614,129.217206586447
334,2.2415111335834,0.0457335393681778,3.48191525402863,0.982335667304753,130.39565302136
335,2.19652879590055,0.746740110011779,3.37351854382991,0.777782668556069,128.813707963401
336,2.08817396834919,0.158273454923013,2.86115541431791,1.24338010592107,130.349392869802
337,2.10294500160494,0.194383335266179,2.70055213298443,1.82784821644004,129.18189178349
338,2.10592853293203,0.0616926708556657,3.56650710698964,0.169743533693608,130.406928647343
339,2.26384609917605,0.669948308935764,1.28816051951406,0.94329099565999,126.33116145749
340,2.22316046734073,0.470597035670362,2.78643033664854,0.0398485725593271,130.852783105388
341,2.51154299923495,0.854388122667278,2.69562407106082,1.76356624735104,127.796771116415
342,2.59911013591079,1.05026601068846,3.77518023684234,1.48163324209739,127.507410913156
343,3.07074453556713,0.162999296732784,3.30435835779039,1.21570453310826,127.775634613447
344,3.01601374764319,0.603040177702755,1.78418078594683,1.37859207376161,126.316159649852
345,2.98212360748713,0.152071887355906,4.49804264790626,3.07776154378919,125.803117576886
346,1.73167585372789,0.0824973646610136,3.60598628637351,0.255749254526082,129.57584921489
347,1.94879117958386,0.730373097876291,1.13627788746331,0.283152885390557,126.618588025463
348,2.77205898631082,0.142409262790387,2.58657277122294,0.711661904304014,129.919960977803
349,2.82016418969371,1.05596939747614,2.28030918708651,0.847687542599237,128.581595500965
350,2.56902070284321,0.297193232224673,2.39200783392253,0.823905803089824,130.20463428366
351,1.65045846446294,0.214309904321201,2.63734476043951,0.469192027921578,129.90769865935
352,1.64678000935094,0.0862926927529966,2.5381621416385,0.214781126719213,130.772885500339
353,1.82613533217925,0.111432933363886,1.78171423497018,0.0760264741925761,131.357754978141
354,2.06870542172217,0.2345062040665,1.17202018342648,0.0787544144827259,129.564965903981
355,2.25578637612908,0.582575620618055,2.53029177289391,0.449786350260553,130.409500669067
356,2.67292660527921,0.927601041142986,3.9347259099651,1.30061583865773,127.640363568979
357,2.29094701343732,0.755696580222678,2.9797077743446,1.018277082181,129.122308392209
358,3.10524292557639,0.282887985407731,3.24171706061135,0.761085391526897,128.076655608083
359,3.0600774705218,1.36269002499436,2.11313769548005,0.710909068347942,127.864994641722
360,3.01218368595504,1.51225456513857,2.70705486369937,1.14337116253638,127.261709965236
361,2.57444006654836,1.03531954051416,3.08371274042803,0.321295958435214,128.993762464052
362,2.43934050832382,0.559341377596606,1.95581610951851,0.386541712150112,130.371254002457
363,2.25405104405579,0.980917986569161,3.17082211753426,0.891552877844098,128.275017318696
364,3.0120376058837,1.36878170493586,2.7506220403187,2.59681296016425,124.6796407556
365,3.43355443687548,2.03927396851868,4.18435523523393,0.16759332496321,124.045824632017
366,3.34063833726561,0.662316889568733,3.37240952236424,2.62197611048627,124.965548977973
367,2.71548958955041,0.396238893689386,3.49132970526475,0.053081338226766,129.217411136043
368,2.37433602795608,0.360509686520898,2.86583683452285,0.508070808061152,130.690688115761
369,2.47605615922415,0.041591460788284,2.67044954826423,0.61972668317932,130.982847282016
370,1.50537385589496,0.0895932712057622,2.78318301467309,1.34012698467811,128.442497413147
371,2.28435132630558,0.0578853706481954,2.17725075801345,1.01706365786261,130.431315386366
372,2.19870324856462,0.0178161622024482,3.12109488326535,0.673102472806785,131.087509364021
373,1.95002087852734,0.0338731100908307,3.16159245765949,0.340451582017134,131.106304343055
374,1.98264304728246,0.217740322400133,1.81505469852157,0.682903543014767,130.089001023489
375,2.21704554509404,0.853191603991264,2.01739049870588,0.983565811471545,128.159341339203
376,3.08093462431335,0.273703854779081,1.99128603263425,0.338262135547267,129.000191827416
377,2.74410512487018,0.485322442676779,4.37866298846471,2.70137158425154,126.973338261362
378,3.14984436866993,0.86191942435557,2.43471970636518,2.25826112267065,125.16751482404
379,2.57814982352492,0.552453412791888,4.86640689483557,2.21025012164223,126.832046528996
380,2.0847521418297,0.300395522299096,3.64045852671596,0.423144116906587,129.648816821352
381,2.80851902179638,0.528103130476127,2.74693159214499,0.56872412858928,129.745928259136
382,2.83020646490167,0.361441405213396,2.0345214320449,0.73061541038869,129.270464915049
383,2.95210995881961,0.143754921516814,2.51960628474164,0.739296259197262,129.145537713446
384,2.9041037829352,2.38485250697305,3.06869072535583,0.305580156881285,124.868823328102
385,4.04257550991315,2.09767055509853,3.43243821052371,0.178491958273901,124.59477323303
386,3.53761050234387,2.53585440026293,3.52589505715631,0.0744692142012034,124.480394159934
387,3.2946709104705,2.20743859924046,3.40251475561612,0.577093135241271,125.515633128192
388,3.95231685274628,2.59449766762987,3.44552820166561,0.143233696269649,124.292916714735
389,3.59969254682671,0.882475021636147,3.40100177336017,0.524549335854931,126.033634792144
390,3.08674415411897,0.271991350451512,1.91190781436441,0.293648520664768,128.967059886848
391,1.88601191372748,0.937625952833376,2.82854587938125,0.0579120572172813,127.916763534907
392,2.29534367931284,0.288708673476063,1.66293807705217,1.3849954456874,127.666631891492
393,2.11975912905203,0.250168011616388,6.32607640967106,5.03119396243252,125.091433658286
394,2.53018388337953,0.189862419671149,4.81499947132917,2.39778864044198,127.450717636921
395,1.33927584108346,0.130796854376028,3.80662575179114,1.35007246316374,126.222304329958
396,1.51385220084462,0.148890932110446,2.29349965903933,0.61297892315901,129.172207072074
397,1.80187647541233,0.10134311102565,3.00379037896124,0.412116133787554,130.742739010024
398,2.47918599459824,0.072843132150863,1.88270624156892,0.226742659011802,131.276026852697
399,2.44888404520665,0.376744927411861,2.0503371946076,0.512301748558917,130.574483941239
400,2.37252146896625,0.403615072506798,1.75937210929938,0.605504942467085,129.888744490526
401,2.18992381770439,0.216693450433995,2.71409850959409,2.03574107571474,128.741622241672
402,2.41884718952236,0.11587168607624,3.9718652624942,1.96978394736856,128.932757193136
403,2.11065935001034,0.120510924117109,4.65277654458994,2.00964092256958,128.30579542462
404,1.85513893664067,0.164912380852119,2.73729227366426,1.57781371720237,129.360780605861
405,1.77419050045507,0.146786420564335,2.82633299613619,0.403105510455104,130.676412309519
406,2.201775999562,0.253802973615155,2.25797895645871,0.121767781966243,131.691442325076
407,1.86183668038452,0.209269965621684,3.08053906175449,0.922039695419374,130.082080404255
408,2.1700178284603,0.221728528808452,3.51269621339118,0.936849160973807,130.041450990359
409,2.54467608207097,0.924439179608914,2.24119605887295,0.951349479688206,128.742176405239
410,2.42975650587097,0.897728943958983,3.38565473459754,1.92914134684972,127.669763637084
411,2.71232777580943,0.38224877014029,4.04790959435347,1.92736605939422,127.952609510417
412,2.08546443402643,0.239969809404796,3.40901678916791,1.31906762763001,129.82297982072
413,2.51388831606497,0.473299226910016,3.16976568953866,0.93968298265648,129.739380675101
414,2.15288170034839,0.478026050282602,2.83587117491561,0.00396985173439951,130.710214291499
415,2.54172316915306,0.961869233006517,2.64415067961784,1.52502347228887,127.941778320473
416,2.1550807316665,0.746867871519548,2.61800253485943,1.56631918081701,127.99618560321
417,2.83198024410124,0.0848645510960293,2.99133491820686,1.1650447196979,129.040216002442
418,1.49966007512377,0.274852306264155,2.30931301551245,0.80536875951275,128.092360964473
419,2.92156428519565,0.135858376701819,2.59115562661288,0.0645798731104886,130.018172075771
420,2.88734960344365,0.632891750166764,2.9451291738789,0.589180869238447,129.28990728195
421,3.05113651050793,1.20926164087792,1.97105637056862,0.67475345212246,127.992247531906
422,2.2288910902689,1.23645765624765,3.05169063639934,1.47435244251551,126.62553153213
423,2.61206316996475,0.780094253314611,3.00727077872974,0.841862141593104,129.302784934479
424,2.68112052701702,0.145959051886618,4.08185840723715,1.97867535588006,128.123355264002
425,1.66198612992686,0.255518827281192,2.33422765963443,0.493043436975716,129.792715281084
426,2.73660632037579,0.583506113754479,2.43128973389392,0.565000956245598,129.946161662442
427,2.69952837319828,0.234468246517992,2.24371215657355,0.506001533241328,130.36688044853
428,2.50703173116607,0.0457333457800353,2.9470546025688,2.09427085585147,128.716422191364
429,1.89780058648148,0.443028499860897,3.76851091829589,1.8281597044034,128.035655193776
430,1.87423366561331,0.369641396116642,3.34141310294143,0.181602563779887,129.52107598724
431,2.60542534102291,0.0246014002937212,3.52482742194821,0.944481106208067,129.595505044376
432,2.31754545313626,1.62754248197354,3.84817074031775,1.21579602090225,124.743421683125
433,3.17429754573184,0.151552582054023,2.5311250337385,1.13581358642684,127.440961623908
434,1.89139738315224,0.0878259917257446,2.88761219254916,1.13868689182781,130.422472276991
435,1.93483718000181,0.140395695294135,4.73875670577781,2.72430113826729,127.753090828437
436,2.38647472592328,0.185848263437731,3.24305348068728,0.923350074042857,130.30350603814
437,2.43413410868159,0.0790349364584189,4.02330060377215,0.0874951136759792,128.883029540194
438,1.44260281108272,0.138698439032917,2.95950376889882,0.30578014378408,128.726238453223
439,1.87947342715064,0.235262795641174,2.81869788783708,0.00342603930642924,130.96350747415
440,2.8511464584479,0.505733961925516,1.31632842887365,0.137182763230598,128.736830698895
441,2.12438876952464,0.280191196983653,1.74190450226056,0.0908296267956776,131.282225643486
442,2.37917907335625,0.315379917909978,2.87203483953393,0.041282471225554,131.071033401309
443,2.52495138488393,1.25614210109398,1.76254991613819,0.0144028694047756,129.026970377487
444,3.15035730434629,0.75059454582087,2.42253227025046,0.616061716352853,128.59485863267
445,2.5319810781028,0.177741167083325,1.82479542570046,0.750398702184276,129.792261644172
446,2.81944028549467,1.09752183915893,2.20813287054631,0.784921285020816,128.55346041171
447,2.98907731775481,0.805070687079675,1.93777521425688,0.357953467034992,129.175642434369
448,2.50254901089403,0.0377975247385372,2.27352867721113,0.224404986380603,131.489708043454
449,2.15007531105524,0.0996987882572576,2.50873649287688,0.178585406280751,131.886595876794
450,1.83963528847939,0.225059968846534,2.6647962009741,0.970873199751207,130.042069592351
451,1.72959995135052,0.2451696774386,3.09510032501363,2.04498970713653,127.996629081347
452,2.7687117906246,1.60349757027188,3.67185131559714,0.0705214926818461,126.369749572867
453,2.99149114798092,0.0766479741970889,1.30933526555609,0.165572321511543,128.064803780506
454,1.21953137178099,0.0086893938419898,1.99863223660766,0.12230176836759,127.849109730759
455,2.7556946721201,0.462992910775115,4.1415168743987,2.48233056050818,127.295676059391
456,2.82883623092771,0.598217670361063,4.08002686790091,2.33788319141464,127.15782742605
457,1.97570806142445,0.897469559429998,3.07972133432318,2.83938043441067,124.646809814943
458,2.67954179728881,0.377953243563573,5.2959714558304,4.651209831465,124.939448981401
459,3.20071020957766,0.403780373122388,4.26096051977072,0.318492128633922,125.629976387761
460,3.01217229377821,0.633286345479769,2.70941376936759,0.813885639514645,128.820779836367
461,3.23276225581382,1.19437878644122,3.22516967513093,0.61438694404514,127.621405746341
462,2.23918746141039,0.696349678770269,2.58181850565806,0.758357125444568,129.645352279512
463,2.77555486347783,1.20621338090383,2.46204253216605,0.198533873535923,129.291532445802
464,3.49587706522574,0.297291725414809,2.66577370983539,0.292545381247643,126.918159817257
465,2.40720355363827,0.799196605257621,1.87144347050888,0.649859421386967,129.091695450504
466,2.16689877417428,1.03895650378411,2.62310732992784,0.450790488987266,128.590482500792
467,3.00113703168345,0.00423460141110331,2.00878651661181,1.14011256423019,127.490058337444
468,2.66330388897913,0.468664192378539,2.9985632650063,0.785416501992261,129.769572291866
469,2.17868713940558,0.114234437799089,2.04745151069052,1.2501712796709,129.634025397398
470,2.52958730988948,0.17995905396344,2.17987718995024,0.973826037130614,129.932662581727
471,2.48317410634007,0.238529558191644,2.45348224883642,0.91754842014442,130.320834728286
472,2.39995519395889,0.0335707203355055,1.98295515450396,0.0678056121941953,131.877935668032
473,1.78256098114695,0.154922030569893,2.78079547255805,0.0750778669714418,130.957586629283
474,2.50556283928548,0.886902859297973,1.51545873730356,0.404952177353738,128.600069532218
475,2.16621537174185,1.24814655311469,3.14240448459028,0.552937476908863,127.1273531493
476,2.98321596984519,0.118482504875202,2.53254905922021,0.198622485711479,129.651760518713
477,2.9097789150589,1.20351095488993,3.06944374866581,0.0251904465874501,128.638646681648
478,2.0813086025078,1.15355554510134,1.52506254470969,0.220284184350612,127.146279387191
479,2.87532721683546,1.3916125005929,3.35899962146494,0.654823900967237,127.598871604503
480,2.7269692502356,1.10809335586655,3.02846366447525,1.51083415353966,127.779090613191
481,2.70939747262536,0.227526322028115,4.03266457817438,0.645974452231007,128.270677896646
482,2.52235734460169,0.00168301609893497,3.90810532462739,1.66472561483869,129.04406026683
483,2.57268224117336,0.234971430596313,2.73015130780409,1.16940965899368,129.839168240673
484,2.41855892420435,0.181156068068267,2.3200131802612,0.506617942047904,131.110602499436
485,1.97274825273927,0.0565108372544093,2.29254920965541,0.469450260766098,131.553387329663
486,2.15952073635475,0.0831402358159164,2.51396363341733,0.209624561269686,131.885518050163
487,2.70155143018155,0.43967238479822,2.08830628916827,0.0905648819053555,130.802710514171
488,2.8104026105728,0.469993839511508,2.80174475280239,0.252469775974469,130.013553518731
489,1.8526396299979,0.106661072905111,1.83758921809874,0.0914954926775062,131.49044970998
490,1.76071481801795,0.203541126931958,1.77933089888483,0.0730347706630333,130.787252519174
491,2.13509237513408,0.0274380391199644,2.32835849151871,0.981733768631982,130.846455584477
492,2.18722868949836,0.0744186223533032,3.9780299391893,1.2441075845167,129.575901879403
493,2.0585409193084,0.0165808382486011,2.83060034140614,0.390201489180621,131.623780282634
494,2.08076183615117,0.105566909795445,2.38760332834346,0.235396120871111,131.845003331745
495,1.74725056129863,0.298245682812209,2.19705659849425,0.255664718637057,130.354915683404
496,2.41606340796937,0.642971268511669,2.12104727964282,0.635506175394399,129.895362024657
497,2.7916543463437,0.150093494682132,3.08043273736089,0.164138572768109,129.86708882906
498,2.29547616305185,0.0365089452150677,1.4239010218939,0.16772807903579,130.771930601523
499,2.35705616896033,0.0654580884748389,3.73578986630376,1.16797962412212,129.794201305012
500,2.42366462195582,0.536422888401817,3.12565467182766,1.11943472583984,129.566783563049
501,1.9965293089222,0.644502176388525,3.89316181170318,0.710844539386543,127.779419911441
502,2.35432044162106,0.376583246616729,3.59538365205361,0.858235382172674,129.57948965231
503,2.15896795766446,0.145002273922676,3.05029216971339,0.797284965950655,130.819112383622
504,2.02332824000182,0.185725086014789,2.80650255478177,0.0250000597426883,131.424759338262
505,2.18414165178856,0.447202003222339,3.57465843170467,1.78551581360115,128.819814729968
506,1.947966289292,0.425552613427846,3.38726142933489,1.03049617981815,129.183617788001
507,2.15357434886787,0.0908685067309222,3.61241802400552,1.70918263805917,129.737339749578
508,2.52304548135759,0.41653525386861,3.90260736950224,1.11691665166214,128.791936631691
509,2.51687710393555,0.0179204805544475,2.62632035203152,0.143248731567547,131.400895386177
510,3.03856623614592,0.40275971008105,2.21018264575076,0.0760550894189869,129.764157472662
511,3.24577174473846,1.20629458443835,3.44298617095393,0.442550815448111,127.296034978987
512,2.38551629548609,0.444167581649713,3.45527412803708,0.788278077880121,129.658930539093
513,2.16336903751639,0.731603540317379,3.36850458806645,1.64668727544012,128.129388094794
514,2.91441641798686,0.277697662227222,4.04575052600211,0.454379362632522,127.443632576093
515,1.95409386329258,0.351865073285054,3.92823037902332,1.7676451263523,128.445205007696
516,2.09630858389795,0.676728095738392,3.17777628253817,0.652308374095248,129.142666006212
517,2.74664853624239,0.227644779414541,2.48530010902114,1.12979541268191,129.303913514921
518,1.59670070131836,0.44568274158815,3.33149100313089,0.601016498205892,127.632607050536
519,3.14338612915334,1.40247470574792,3.12380787295718,1.22707230012737,127.170835969937
520,2.45405225405486,0.372729260342273,2.06753058863711,0.677906747193691,130.2688528986
521,1.9562395768574,0.561984249862669,2.74950124928208,0.639622779169539,129.535939162014
522,2.49563083857671,0.731346331637947,1.97873376477517,0.376774585631315,130.025170037314
523,2.81085502885577,0.210988439708249,1.49484246492295,0.494619438650779,128.649869307243
524,2.25451861715099,0.0184182790919861,2.41924964140768,0.297363861456926,131.877865421918
525,1.72983100258144,0.445658868658876,1.61671867734745,0.311860937053869,128.732759753165
526,1.90670757712804,0.0736660717293226,2.23781775042921,0.0683541413586078,131.965869932038
527,2.6580457972586,0.115957331498609,3.04174803492877,0.107904186233312,130.421671734868
528,1.96875619476702,0.241565087030912,2.37932762174677,0.025204632498369,131.567012730534
529,1.95241153453849,0.155140409927332,2.1821200151505,0.131135084378428,131.711038050827
530,2.4354367789954,0.22262609246761,2.6923001649886,0.245285603137456,131.219980236748
531,2.3393367045094,0.750429222076448,1.67127781187847,0.0506883171017496,130.130291311491
532,2.89352023181591,0.413960300272291,1.77026025358179,0.142672293079471,129.870915664329
533,2.29701932244664,0.0737741312317404,3.13724175538374,0.202221783756221,131.097484527127
534,1.71102308822741,0.314206026646293,2.33287590185812,0.166620373190598,130.237587961408
535,3.30652475416705,1.3639256003781,2.51685257883825,0.189868611730457,128.310839910179
536,3.4109422252155,0.689538678979768,2.12736003879821,0.204002308684517,128.053991581595
537,1.80711003493467,0.145942516204689,2.41770385907143,0.153905772015442,131.312896386183
538,2.44614092371679,0.121971951599841,3.65626253082447,1.75788576056234,129.286284710841
539,1.91244844246056,0.298781225426168,3.07929736313375,1.25727624193689,129.569486049904
540,1.94682944876312,0.264582829718461,2.35331082166427,2.22345256766888,127.179268196454
541,2.35485156147797,0.222981475224797,2.28753806889309,1.21583033027739,129.813142454499
542,2.55900766089921,0.88774842964494,2.94467657796129,0.0186189461246802,129.694827428171
543,2.17174766660868,0.565233882462099,2.36121559040422,0.222025014356424,130.67838725042
544,2.50716587190346,0.0962374708549176,1.90253306911043,0.280423734763968,131.106359422521
545,1.8021516893231,0.194656703126397,2.23394903010236,0.166835555556566,131.131723786379
546,1.98381080046509,0.142184419474985,2.11305145917228,0.272096022354913,131.560070977419
547,1.99634177225204,0.115634195577462,3.78234844671508,1.9914977526556,129.231764187924
548,2.69654474079462,0.160523588714449,3.52499041597131,1.49422944719548,128.90859571552
549,2.14897215935979,0.137636930192836,3.44099614497719,1.08933129347765,130.243926233296
550,2.57153108092821,0.0640594133013279,1.89989600329883,0.0377553426606895,131.41122709169
551,1.91718319071846,0.231394657189902,2.82893153515953,0.147386921023546,130.982541648864
552,2.02479168472287,0.512493965647734,2.49665142792635,0.78243544368085,129.781261443004
553,1.70217154625863,0.306593722552217,3.66776670503696,0.0753649565609291,128.324829087507
554,2.7803266463504,0.377245920837463,3.42396013005135,0.0512008376478772,129.197372337722
555,3.12739675551133,1.39600989453947,2.03137741831296,0.127630585970654,128.710902489155
556,2.75744688054382,0.88178047071893,1.84486757928859,0.376551315587692,129.356348037982
557,2.50859550235065,0.344184932625654,1.92394261418048,0.260776395177549,130.88308484403
558,2.0418222741309,0.0967161514319193,3.14053853474135,0.110223049739967,131.137304006119
559,2.14283977674133,0.00922574741427032,2.08029909346262,1.06622709074864,130.367081853185
560,2.53150192595335,0.207115376622858,3.22667395670298,0.567664870010785,130.238214931635
561,2.1869895811984,0.0107032568164181,3.03596763355579,1.02070442300211,130.8902316738
562,2.54021054011149,0.08207584982677,2.34240593261823,0.888873534865428,130.328130185668
563,2.34830397399248,0.0815595817986685,3.35199276355901,0.652818956323523,130.526263100671
564,1.67253450275287,0.310113135147077,2.66041424118687,0.615800578096531,129.416090468139
565,2.90726463236475,0.846360035040947,1.73204410701103,0.429646494127815,128.820389372641
566,2.93382355873064,0.0764340323530736,1.89745249179131,0.315216212145732,129.507147679072
567,2.55908094959564,0.772991607909953,2.58725941279575,0.305675968818428,130.143143446286
568,3.2211454869622,1.23169612625505,1.88417821117627,0.193393864705095,128.488719749676
569,2.24558689970206,0.056185107236783,2.65239961928966,0.416296925853372,131.59350683367
570,2.29557726660657,0.317799425024402,1.84780052550777,0.558290134777162,130.400387302171
571,2.19022594436035,0.0750518889345831,2.78042985547142,0.0356547532649815,131.78535759202
572,2.20933266548534,0.430194507076069,1.569371165146,0.0709990623054253,130.645801572694
573,2.18209847760918,0.396235737463443,2.98170574415353,0.360228420647377,130.587391599258
574,2.57645214617227,0.0972682563069652,2.29974404877169,0.108322016603946,131.395426805138
575,2.07167303319621,0.180021863473649,2.95227119404138,0.25334255668901,131.174332878435
576,1.96851236396895,0.280909714543307,3.00837206848262,0.0429102951430641,130.727977561671
577,2.03076843679326,0.0645852426639304,2.81400253790746,0.23667010709409,131.621208297438
578,2.10951955553872,0.330668217102862,1.81790020225382,0.0820714605177353,131.256129889693
579,2.62111849405299,0.396356645963923,1.37630397253639,0.0228350471464249,129.953867280953
580,2.448627066082,0.354896451171582,2.75057599662776,0.219601813635039,130.966388963719
581,2.61160131172855,0.000805000079127058,2.14413040623931,1.4425971049999,128.689221286809
582,2.60691909879853,0.0732535641321283,3.98244291926956,1.7529158464074,128.621490660346
583,2.65103985744579,0.719184388898001,3.20803804441659,1.42598223542505,128.677831829803
584,2.67400736336062,0.265851855827826,3.48754639691074,1.50954122769407,128.935077561335
585,2.74303487727625,0.339433345465417,3.19137982286376,0.938190918364013,129.3957852569
586,2.50465117249213,0.261120946540988,2.88422536035195,0.572947124574782,130.606279811848
587,2.14369299478854,0.604297708296528,1.32581103371761,0.120051201938406,129.138538119392
588,2.41561008697604,0.651618634225059,2.24898604454107,0.616903188234916,130.017234162176
589,2.50717182461102,0.174364720969546,2.98600002830202,0.881430486809455,130.345503714985
590,2.12475982606549,0.373944633905707,2.20732511734085,1.49959216562034,128.686756410015
591,2.02820243091835,0.543346903304956,3.98489750317681,0.426891402061336,127.990340721382
592,2.26542451700083,0.541710602374311,2.19925850937252,0.280074139768412,130.762069325755
593,2.17637688441029,0.662424327715611,1.71485156870125,0.00116967928734872,130.353180888543
594,2.60551569619428,1.08090779566117,3.03743306514226,0.560108882250792,128.810601655996
595,3.04696751211439,0.526992036591736,2.45240770551961,0.0894187780297448,129.64947025239
596,2.00604247989948,0.296562755665139,3.63209893981958,1.79240087128611,128.976387341475
597,2.50059958143127,0.756920301428382,2.9886184000419,2.17014136113597,127.521477349057
598,1.82968985944797,0.867547837067121,3.53509784371525,0.960565500451415,126.549105599021
599,2.14291092494194,0.104262871734221,2.46471743817286,0.523771501862562,131.479606806052
600,2.36720528706213,0.0122811935053604,3.38023322881034,0.657706976992006,130.541163955746
601,2.32836948304602,0.0436927401524346,2.11689706817093,0.540767900920022,131.265129074259
602,1.90677589112971,0.147578616092249,3.18859270363655,2.73640386852665,127.730835013107
603,1.97371358992953,0.046464198484117,3.32064956560974,0.101463004791179,130.871266430924
604,2.1481914479506,0.0404421478544876,2.37955738099039,0.154100430121833,132.099617578207
605,1.98703639034037,0.315079967359334,2.547071295869,0.0125909720415462,131.261620653228
606,1.92890668672648,0.186041055504734,2.43230955633024,1.38424491836478,129.555080095287
607,2.32085240170653,0.367950986178336,3.15072445823492,0.696634870945184,130.28162454037
608,2.75978129704896,0.9728245750538,3.04054070112641,0.215316310969059,129.191398726229
609,2.92655526257477,0.671034113862144,1.71444776070967,0.817909811177278,127.91141434713
610,1.58558786343997,0.206404765938704,3.06417464995405,0.318505223101804,129.268227624852
611,2.73527492197853,0.518150448511898,4.28586839483713,0.604958445087271,127.371530163962
612,2.06394466918999,0.555922961975686,3.1614262553334,0.723470792580327,129.468486764206
613,2.67624885640331,0.748417194256396,2.03746380454693,0.321611391169416,130.025727820114
614,3.04474405879776,0.297844626634709,1.93490010491261,0.295367937115005,129.193686838594
615,2.69437842462126,0.238032002188409,2.83523603103213,0.481216254275215,130.281472427991
616,1.81040945841128,0.514096119237226,3.85255652980136,0.891327431396562,127.653591553981
617,1.94246308823335,0.444195462894666,3.12488030371632,1.91391851020004,128.238885244396
618,1.97721947311874,0.253635613239664,3.20186220989304,0.221310680547304,130.459975994636
619,2.17156364097476,0.296748753046879,2.82706411763322,1.67770220446093,129.353089161703
620,2.04845259400849,0.0123105545730154,3.77277603185984,1.55290461023819,129.877058024701
621,1.83338460155903,0.109495858404406,3.69184478607662,0.435622171223643,129.653098779289
622,1.90259133568543,0.0813400525591755,2.3461130932392,0.0675973823846692,131.909690046205
623,2.2376096120538,0.196128739167341,1.77379360640309,0.217790538936554,131.290165421148
624,2.14240123846032,0.405997759808881,2.85649934535823,0.29498758009192,130.709343286642
625,2.086740891097,0.87142998817913,2.35763748107833,0.388783452929564,129.142340325384
626,2.10246303279123,0.156265916259687,2.10102134740633,0.116941911770609,131.880993154647
627,2.45949965038844,0.0611072544564653,2.06690282139373,0.352804487393937,131.287527758569
628,1.7650340435933,0.0177911639222803,2.49484047914946,0.542924792710713,131.146419187056
629,2.32603100510125,0.275965357393158,2.9937454747632,0.377641176405955,130.844448903476
630,2.27521744928892,0.478565975648603,2.27505686442236,0.729206059441713,130.232328245033
631,2.90947571677848,0.898130131381403,2.60592017905422,0.749798317782646,128.975946421557
632,2.94674008138753,0.303303992010993,2.96994729692935,0.0700984790912122,129.478152822337
633,2.5744270093333,0.235827928984526,1.82313242801249,0.503136274251619,130.215954973217
634,1.87531460426635,0.380400476953287,1.95975081884272,0.301376705745271,130.299445287734
635,3.20028311288865,2.31869662456116,3.06252471598104,0.64225208709074,125.53393850728
636,3.8594807138346,2.48359049696844,2.72776076841322,0.43045764601885,125.508506106463
637,3.70234306745543,0.676320872129746,1.95236737744185,0.718948114384716,125.365802471199
638,2.52633041654987,0.288007953831391,2.81717189732847,0.0363717685357021,130.981378308825
639,2.05765906368992,0.0407132534918512,1.62104045462887,0.0345651255309513,131.750168633419
640,2.2345232892019,0.073974371123367,1.94122750708666,0.923072986393251,130.251158680417
641,1.88856819175583,0.0812389936221878,2.31940073338994,0.168330381907533,131.765260037667
642,2.39596563821165,0.119210472124432,3.14053634263053,0.185255769044982,130.884343078639
643,2.61593449721132,0.0798086915756885,1.63518794041592,0.0721261383210588,130.812846568584
644,3.0810539841376,1.25423094163891,1.52940993132242,0.0173517383290936,128.478257325642
645,2.68828865461393,1.98226284553779,3.41666414895191,1.9244777765819,124.318911529324
646,2.47947689216621,1.18561421561488,2.73482703831543,1.16537571476755,127.874722600869
647,2.18778355889565,0.784752605452391,3.67288545183018,2.42565338398609,126.999393527202
648,2.18739058159351,0.229563468302669,3.29655422540887,2.44958944795396,128.467010001416
649,2.34181873335786,0.064653695807177,4.69291751157215,3.72611078657869,127.130518234125
650,2.59967491319171,0.0114327085008445,4.94824210217317,2.4653959770642,127.182199160318
651,2.12071851221611,0.0645916879691156,5.65982584348927,0.729224181395947,124.981512498999
652,2.18627682955276,0.0494231806895451,5.52746019863897,2.90382153506596,127.043925359504
653,2.33746992847013,0.10181883727854,2.77978669758117,1.07131617021206,130.593191917163
654,2.0486519140223,0.320289473306548,3.34982021199197,0.946230350739458,129.862238646801
655,2.08105418018934,0.324895156845741,3.30865281871718,1.77381138030561,129.158076883065
656,2.19458816953333,0.137093490222997,2.69524604085063,0.352625629153145,131.503620134311
657,2.08518017916796,0.139016606012516,2.84727990303798,1.51745457784664,129.983855304663
658,2.18543880272994,0.128845361515646,3.05341959340747,1.35808234660184,130.270568948022
659,2.45946003135984,0.0340901269262197,3.88965801995696,0.382380778122603,129.345104906047
660,1.9088367101307,0.26743127899694,1.46863365095989,0.138735741694117,130.204282581302
661,2.56984867013774,0.302278890279101,1.96898675178062,0.0660778817227696,131.216646353281
662,2.10169987468541,0.123668526010559,2.14327054428641,0.165334383502747,131.90060121682
663,2.52305618327199,0.571776801731609,2.75969237134647,0.0516728267187751,130.617636404165
664,2.10143929883162,0.413913411707503,2.45083744365942,0.128279410417585,131.113628133558
665,2.41962178808759,0.0307628636003305,1.42374022813108,0.29256835535389,130.216460478163
666,1.68468384528677,0.174340718477291,2.92436037819292,0.143449488632321,130.24315853783
667,1.83030553515246,0.7115939169807,2.58191955782693,0.34576484824586,128.722146219476
668,3.43583667618589,0.952700712594709,2.28570578969991,0.0201537506975004,128.33244594047
669,2.58744041481976,0.853697249264787,2.48336609239259,0.122070499897167,130.207707757821
670,2.29017941094978,0.428046200262698,2.53885250534399,0.0286916949140121,131.263118079285
671,2.40962618068384,0.266089415970885,2.05792616070086,0.350023238519943,131.111428722226
672,1.87795192064517,0.26688184529716,2.73223580801625,0.393098210165121,130.659623716904
673,2.39449129077097,0.29092190503578,2.95914246499276,0.552526750070235,130.676489234503
674,2.38988192513488,0.530826082543691,2.28469636193686,0.202967053935252,130.942583268105
675,2.31726137694423,0.0141552562992311,2.26038976013967,0.429654185589158,131.604439741283
676,2.10355746052746,0.187858870684472,2.25820391896577,0.164032828113054,131.759959889646
677,2.43556739603294,0.472202884669785,2.43880117573928,0.0942561573213121,131.12898983771
678,2.79920264225984,0.948799468076883,2.60066478539499,0.00618055282167316,129.868401328672
679,3.04187016781712,1.20533187195901,1.18848853840972,0.00462087112899299,127.405771677122
680,2.43317505756799,0.784462965869788,1.19266918208087,0.0139943946942061,128.653023684942
681,2.86730785574999,0.20599277824144,1.99635909512107,0.253416655584636,130.053521159027
682,2.34538880299714,0.149786690291232,2.04102138754676,0.773892314058636,130.525538300456
683,2.04518353174418,0.6285639338609,1.66186031587554,0.523033005156767,128.846590713251
684,2.65145071058542,0.249072461389164,2.30555084221681,0.16985301356627,131.00131348183
685,3.11135694348832,0.40220799242802,3.04534921304819,1.3748963587581,127.675481123017
686,2.77080688200447,0.908264092776902,2.7243152262828,2.08617630731242,126.909263900307
687,2.37515640268682,0.868841126424177,3.7345535848286,1.79401381282341,127.686660800388
688,2.72329876077212,1.08831514801691,2.97132273682863,1.2036405995729,128.229656337943
689,2.35989022311025,0.27565252951703,1.71815212759452,0.793747318812269,129.553395180568
690,2.45699088773874,0.202396496738863,2.00834935917185,0.258011501803295,131.252404452391
691,1.92833215970939,0.0375574986234196,2.28972592092193,0.261953152077001,131.849455048927
692,2.38990756599978,0.389977116865742,2.16453515723265,0.557015674161051,130.63141806397
693,3.0011559456035,0.970770370291648,3.25845612649306,0.610478080670611,128.334128868303
694,2.51376492950024,0.803162819245967,3.36753315867548,0.804656516858267,128.948729340034
695,2.38067923581819,0.466726619268758,3.28664170501456,1.30298224428709,129.456027573188
696,2.40773248021689,0.909069547173296,3.42824012095155,1.48384647751732,128.085111684593
697,3.55958261804933,2.09411556819577,3.46475996506777,0.00122865123144985,125.554242341514
698,3.37552423485085,1.01749030378496,3.0063653265383,0.251169559130176,127.734207488207
699,3.11066908638312,0.333117395677801,2.74120899947268,0.435269735983701,128.809264571079
700,2.78833182079878,0.19923496131186,2.98976573922872,0.0407902244139478,130.060732008603
701,2.62432883379997,0.304296060995473,1.41882587359449,0.0557639086077251,130.097745377669
702,2.14379024031923,0.257030579875521,1.48774152111615,0.0968840293386246,130.775516652462
703,1.99210129934618,0.892786875106909,1.28194504100512,0.0662337225386364,127.5026113488
704,2.06591292175923,0.240233759103236,2.22589700891193,0.0877010561115644,131.689930210435
705,2.11060886495497,0.515192673683126,2.39662530489911,0.546398576059278,130.292196728281
706,2.80921134280145,1.26176208339029,2.06367614476282,0.364300775165843,128.85419486451
707,2.63068823348707,0.978002170049005,1.88513399240203,0.542447551292735,128.960571596534
708,2.56561810247239,0.512609873130118,3.08030057358141,0.303013649705991,130.105616336166
709,2.59286362407856,0.587105556323196,2.19584176735945,0.943362329703389,129.37185423128
710,2.34142061752087,0.0380311007505556,2.89543463112983,0.579049620711628,131.170677814951
711,2.44350809581668,0.921790524065327,2.80213629049001,1.29080719788232,128.46960967777
712,2.35815984575063,0.172037530848971,2.95065641974437,1.45056170936215,129.937420584588
713,2.68062403739899,0.0970204972544719,2.31834189184221,0.671150626064914,130.253236584131
714,2.93024264418094,0.31979424471435,1.78930438263273,0.464792833219255,129.08125446438
715,2.71906795032012,0.539879062793217,3.65642871958363,1.64723567197734,128.337462581329
716,2.87311058251103,0.739175856531222,3.13396505372158,1.22494056233936,128.51438958182
717,2.18386474560216,0.753553885350243,4.90765910483684,3.47100913356943,125.616132154547
718,2.65227285333117,1.25413173963633,4.01056168452887,0.832570230511194,126.733685825529
719,3.21912355596951,1.66722733799875,3.21217304906652,0.532965264558629,127.074149577255
720,2.96175044671804,0.263170916851634,3.06561515878879,0.766007323165162,128.882661332932
721,1.95781192952969,0.0330714104513101,2.2165599579007,0.168155964077079,132.030500032836
722,2.24390095472673,0.340663515590316,2.67433234336499,0.674180161000738,130.717700570539
723,2.71661449288761,1.4752303819203,2.24562558772857,0.698429138862519,127.792670615589
724,3.16090672279611,1.0329041240697,2.51249129368026,0.213624964766062,128.928541724763
725,2.6474115810584,0.978112243999723,2.5110332699449,0.402603074758559,129.588930251918
726,2.74291467704267,1.12889800512704,2.9820998118313,0.503249985921833,128.795242296347
727,2.64497069919959,1.83554636539425,2.4977443111604,0.596183473183295,126.621603933935
728,3.58603576355978,1.6172344945363,2.6819536406982,2.13378024252404,124.275891292402
729,2.30454908248266,1.16438730040959,4.56444930936822,0.921916962429907,125.240665369708
730,3.43674427895732,0.597748695322895,2.99550574432096,1.13648368518664,126.576444337722
731,1.98227227083406,0.426625697381644,3.70585114586197,0.0708635976651428,128.828137728616
732,2.56651858066994,0.165541177705234,2.75184076545486,0.557575259379978,130.676779855693
733,2.33969380345338,1.25137336793993,2.14840067504173,0.628179599409418,127.912257486019
734,3.07451342596265,0.403859217904492,2.15398108166935,0.607775529414531,128.738877570448
735,2.58284808730323,1.75369508044059,2.80206994067583,0.293772660735086,126.940605682775
736,3.66909101349365,0.558264604110361,2.55206764330382,0.364300234764558,126.309656402509
737,1.66663658907926,0.297660709370944,2.25551703712192,0.0778508420304885,130.201128157925
738,2.96572928676384,0.192284220801263,1.71445307603341,0.334229481495501,129.05652818471
739,3.01109001299349,0.892258178777358,2.28049522245729,0.909112738201705,128.359790396037
740,3.10355241037615,0.689872646872688,3.19571759294163,0.692370979556554,128.260414442706
741,2.74668158437636,0.0633772115409843,1.93329556430072,0.0116998825247319,130.894066011132
742,2.68527406130749,0.50779543643437,1.98951687954511,0.189429121610742,130.545484431507
743,2.08148723915677,0.374130751562851,1.74918764370617,0.120807416593047,130.912205218021
744,2.16814908561335,0.220977478927823,2.04367672620489,0.0742414174732024,131.791213362187
745,2.99321219692129,0.641056120133198,1.67213031512083,0.0140197399825909,129.56889205301
746,2.15859483442247,0.0134729704003546,2.42566593396244,0.373971508500719,131.867351426642
747,1.95186046681434,0.0404047740567318,2.502287907109,1.5456932566759,129.793286037873
748,2.40344214422226,0.2578137212061,3.63644755569997,2.17851538175162,128.750072667428
749,2.31749248319341,0.144628986931031,3.63812137242012,2.0090594200287,129.226393316347
750,2.08920960515264,0.0294426389400403,2.96858191535851,2.02932513443174,129.438779659975
751,2.63239656781876,0.56870700168272,2.50529036537274,3.22427088951345,124.049601805599
752,2.21969590267568,0.798160302026709,6.4162850808464,3.35698600155136,123.580788597949
753,2.22912771165637,0.380674255762667,6.55014990541952,3.40530184968666,124.582828191986
754,2.54339937656049,0.0324673618589968,5.6116963760081,3.13842117901256,126.312146879818
755,2.34336853751576,0.00865692340669899,4.94955734839239,1.3487135216981,127.551439827846
756,2.04838367233311,0.108468861202249,5.16037651978791,0.0377924794561793,125.528841891939
757,2.19115905375532,0.0579319898584329,3.29279015120643,0.803485120906315,130.739714452394
758,2.24403766461809,0.122097346561066,3.44397546793546,0.620883001923442,130.447317052339
759,1.94632707273892,0.0549642377168261,2.88670539546488,0.0886160899144677,131.552621188555
760,1.94495167491726,0.665552694498828,1.3362755063725,0.305210666322772,127.833697613173
761,2.35705562650401,0.0237521114343968,3.47753995062987,0.487624985760067,130.430521759048
762,1.95196483188586,0.0262018060980712,1.67398410985,0.377892695268711,131.016662283636
763,1.91094125965699,0.0553899783050849,2.33129949278658,0.0473096249895786,132.034763854625
764,2.06552349785585,0.0725074903522437,2.55398144278411,0.243278670126867,131.839858990947
765,1.61382751473058,0.237268507860737,2.63056729432966,0.0444882160006877,129.99156293352
766,2.19257148519552,0.368729719123468,2.12563467050253,0.145301203077694,131.355051174111
767,2.01880023288169,0.488213518864409,2.29190129748833,0.0848014187180301,130.809802335421
768,2.40682054230729,0.230527901384596,1.93455113893396,0.0520966272345057,131.596267490611
769,2.73855291346798,0.339157718548803,2.65390805843219,0.15522039710078,130.524276079625
770,2.10367679077958,0.384400588619101,2.52745594501222,0.334166766815631,130.943628015944
771,2.17308782426623,0.0293554304241496,2.19853845257253,0.186845856401117,132.083026431318
772,1.3797221574343,0.117399898022855,2.71216147112757,0.501202282201701,128.371923591066
773,1.90124418049449,0.143876582234967,1.91546592119348,0.0268088273287222,131.683314049527
774,2.21045714378817,0.962351901296694,1.68750542579043,0.1186087165145,129.067717616721
775,2.25511308079612,0.99557343322384,2.87725269614276,0.179906044093503,129.022159655573
776,2.91426598753325,0.812184508519545,2.33171414749054,0.141144195355315,129.885438909876
777,2.93322528963585,1.33792551262985,2.6068808051168,0.146957981726276,128.892596386899
778,2.36035243040489,0.360116604991189,3.04985664590418,0.22141168713239,130.660780352924
779,2.12175791321759,0.246608751095331,4.54597416676855,0.413404727043581,127.599947427297
780,2.1585564437026,0.0281484621337537,4.28287919596513,2.3796381594176,128.831406002715
781,1.87662769032225,0.0204535617191054,4.36097583463065,2.08933551167156,128.71612422435
782,2.5728507939461,0.220538213420242,3.91592310587345,0.953306555177588,128.926247847937
783,2.06545652377641,0.292675881936901,3.58438092838812,0.0709253815556433,129.716261186303
784,2.71819660920619,0.930038265643224,3.32334187262735,0.386461862786571,128.802694867049
785,2.55957315839955,1.29774384977239,1.91104683715321,0.282794950468201,128.606909734573
786,2.67714406597836,0.136064246046619,1.70371638972527,0.28680401805302,130.248411159489
787,1.72510674961852,0.0695471629976322,2.94906669481525,0.205290592987098,130.780314991877
788,2.42158745939952,0.053788839119,2.82352630006051,0.113824395261075,131.4117304902
789,2.18474323361232,0.0394005151435835,1.77122925378156,0.574630757029186,130.814104815851
790,1.69327319733522,0.0604581714554107,2.50678557790558,0.381049125378142,130.921927955494
791,2.57256015896311,0.676990350314978,2.45380373377896,0.140197217450392,130.574570053014
792,2.25364583065533,0.359079240452467,2.01349233678903,0.0733289205098787,131.465556071158
793,2.15825750601019,0.382636610457018,1.82945244580592,0.634866677839788,129.988775045722
794,2.7663099231925,0.59342576771933,1.76203765255977,0.408725051972266,129.51172731695
795,3.10509737560123,1.09141998475721,1.76110394061167,0.176752366030112,128.750252047459
796,2.78964162499447,0.866543383852795,2.67540998092822,0.0182836977682875,129.925908159178
797,2.14828622889311,0.957130092639116,1.78742745033697,0.0683065011672849,129.170836023964
798,2.527825955922,0.0992000916393309,2.04198353389468,0.0852414855619966,131.523600398121
799,1.67400146115565,0.280657743665244,2.70342766655852,0.371795913788521,129.791902740041
800,2.35602613327079,0.193973952263048,2.48461891205144,0.35474732118781,131.386034663967
801,2.81182615351182,0.499221029562257,2.18997334882619,0.0886102712447755,130.495079399575
802,2.77742114338619,0.493747167160664,3.16371287880469,0.378217680158017,129.551480118291
803,2.51660593612048,0.00923384798565466,3.17717303721566,1.16394799285698,130.074254284692
804,2.78043492736497,0.265046394903504,2.88307168942058,0.518437745339484,129.924571587938
805,2.22978473440369,0.1645073899634,2.87802643436171,0.670400837738614,131.007046798542
806,2.38834247055119,0.047000749042129,1.7925617170643,0.513255957238002,130.735164870187
807,1.68334192778316,0.0232086933973842,3.5006441790799,0.748147886790589,129.769988076244
808,1.68892911477863,0.0101374988299181,2.60849916793939,0.0360666831593082,131.379128657202
809,2.03691378926412,0.466133630443841,2.72734367366377,0.47322059096622,130.304396239718
810,1.97738261180775,0.0356010823237715,2.98634252384124,1.52992063943722,130.183145318417
811,1.91975996286845,0.984087947510383,3.41295300708431,2.48211821021629,124.972619504341
812,3.48896396520199,1.42954965709277,3.53494762378211,2.55361561289741,124.620593999831
813,3.51176681506215,1.17108246926406,2.72951909390638,1.54148676432257,125.895960519288
814,3.03740338414367,0.351819533394084,3.38651961580958,1.15166107586128,127.999977575302
815,2.05762298463127,0.261270833916886,3.47901193922523,0.0896843868609,130.036904472328
816,2.19153292762796,0.423154535965504,4.14349982135003,3.03063890123658,127.339886981572
817,3.06356760689198,0.694034887888951,3.05430573038612,1.59029107114706,127.579986974035
818,2.66945477311066,0.122681541994852,4.08767472147388,1.69597967837991,128.298951417187
819,2.41491094220756,0.174066293085787,3.42521766142248,0.269181150603388,130.251012258416
820,1.99113026195551,0.278999213298571,4.26147639816416,1.10444324722589,128.386478111726
821,2.15577663874812,0.184427283704898,2.03394766416757,1.40199637286777,129.060866401723
822,1.72713905721976,0.312987337603459,3.90251568026564,2.29471110755806,127.36233839187
823,1.7284939768402,0.201650174994959,3.76602672457681,1.89350992974877,128.290295057181
824,2.68271100537609,0.25180125884378,3.81929192868354,2.58332892273762,127.644374047693
825,2.78842144698021,0.100637690515111,3.20039133831845,2.16120259502802,127.826920264872
826,2.77370466603569,0.312878487640319,4.82877383945402,1.3081849359045,126.475741499658
827,2.55378056286108,0.250053936446941,4.61319126644708,2.33344845428414,127.623596596168
828,2.42974360662267,0.0590685319911652,4.50622130922281,5.25924290685751,124.003094504427
829,1.75916162498141,0.0233671553205327,5.5068969561249,5.38454129059815,124.731414520529
830,2.60626235928512,0.00924568649009796,7.72319380345188,7.41044569020151,122.307496607726
831,2.67531919752941,0.400771990943655,7.88735069281411,7.19565425025147,122.053664489657
832,2.49136444426643,0.577500301814756,8.06355613131236,6.07361319541863,122.425827756306
833,2.14728682532278,0.675942365816335,5.35411458960687,1.52066574187667,125.066771621561
834,2.21762208166731,0.0608087570733998,3.8511074513992,0.334248398427971,129.767990590126
835,1.58333600502464,0.17033805630449,1.38910150978529,0.474750340622733,127.970553268265
836,2.78448506078977,0.747869110911279,0.984407328188461,0.85735095712438,124.080400079982
837,2.95438280057514,0.971583575303937,4.05744926763049,1.63661357415195,126.931244625993
838,2.754752691391,1.04217329720291,2.82705005437153,0.53895198701148,129.088823142928
839,2.16727973477895,0.812734730678354,2.75061913904992,1.49173836985674,128.025601821111
840,2.56410394180511,1.14014148992868,2.76270173792698,0.96545267671866,128.394613728658
841,3.19486173130903,0.0939147146773108,4.11916831872513,2.28002041448893,125.584171692467
842,1.93378090337733,0.803932722832198,3.84297798009971,0.421946612537851,126.90054996228
843,2.01558309354486,0.751482977013531,3.12648035765891,0.951580123473679,128.436801633498
844,2.19730339706457,0.531910124342395,2.48033300122831,0.776448212907129,130.047774570584
845,1.79733850427028,0.0545141182185779,2.08648152125458,0.924243917803841,130.15604302741
846,1.99429713720087,0.272381334261383,2.71757409683768,0.723503207414526,130.589841373226
847,2.05640960621229,0.00261639041840533,3.36033342411367,0.340015696448104,130.943843970256
848,2.14043578890156,0.00300679737079169,1.52397724945319,0.111943848891625,131.419969925157
849,2.39730860455512,0.065025081790994,3.26222331328053,0.182610308989991,130.738968936606
850,2.35579561679791,0.400162169499477,3.32390432301349,2.18680892881794,128.509669358632
851,2.0796620702245,0.578825931996104,3.37620238138751,2.16006098350001,127.816293613534
852,2.73042590213568,0.0961217949602513,4.48562606910851,2.9184801330534,126.977231163152
853,2.21992882491707,0.437009176123073,3.75805555555975,0.372119783340994,129.142997570722
854,1.92719663527419,0.448178604344211,3.04763524609442,0.295933850137027,129.857761805755
855,2.18065114218531,0.635013217274582,3.17415146682107,1.22889185883184,129.016178989262
856,2.2314744565972,0.306497263994115,3.23038901825203,0.111734129361262,130.538609982889
857,2.13434199628411,0.506976671402945,3.34778227683867,0.645780676962209,129.574683041332
858,1.79941529179325,0.178172576805872,2.49740317636619,1.02322849465845,129.947918715491
859,2.72548345738633,0.650014849150807,2.60637631392296,1.10093364559497,129.120043123179
860,2.38884018294226,0.668483834414439,1.98506798438572,1.00806923724109,128.8146815347
861,2.36866538812617,0.137097820520247,5.06611532694092,0.132382745662127,125.79391399168
862,2.03285371769186,0.3121106257968,5.34728414313964,5.3488336490002,124.3904127751
863,2.40420082576812,0.421882794419528,6.80573841633903,4.36421928433532,124.352197218302
864,2.80970139791797,1.89453115832145,6.8143195187035,5.29662085470059,120.362464489787
865,2.71318854883391,2.57496372267525,5.14958562824956,4.94873584907927,117.589834489849
866,3.59513554038215,2.0823965173736,6.07940935243525,5.32812795957435,120.294569373784
867,3.04362380069347,2.55487110487177,6.00277232723663,5.2358829832833,118.717881794482
868,2.97698555193093,0.327526619605818,5.08275264672994,3.14568424478218,125.401857795687
869,2.43210165054728,0.0155073574578668,4.17507598871358,1.88516037967652,128.848750101281
870,1.98228371255559,0.0154940084555405,3.95502961477515,0.950643937143768,129.729611910875
871,2.55634745487206,0.0764734921850026,4.42863660154112,1.60868627581923,128.161769058881
872,1.67526235488449,0.313963615519887,2.50262175062914,1.64600807444918,127.632499311633
873,2.16338418831455,0.355771870198859,2.15752310316609,1.01780022936458,129.790846379983
874,2.31975930521043,0.12464083533649,2.37495108279801,0.171816599473527,131.794082552908
875,2.54563847013544,0.0309096796058579,3.65369538905534,0.538354434143059,129.646737181241
876,2.35831210734206,0.0791040318820938,2.84821178917205,0.367672662191669,131.299521147387
877,2.43222872813845,0.101830119464383,2.17048897260368,0.417027120256659,131.264070308319
878,2.22130843484648,0.0766626100909322,1.67627452617894,0.560055251299348,130.520810943061
879,1.70172631187287,0.072815655225456,3.68345088189461,1.71808627563798,128.904401710769
880,2.55478062640953,0.0674093850697742,3.43822857740928,0.0586768942228696,130.014372895659
881,2.23407428206638,0.134144333760211,4.49390590491493,2.91963252331218,128.024833131195
882,1.85779053833746,0.138598121279708,4.53696878380849,2.7632461804859,127.744494867607
883,2.37867168566941,0.381704130803134,5.21289407833038,1.80522613726306,126.550988080544
884,2.05252155714737,0.391412475265965,4.20906430580961,1.40070062523733,128.260478159784
885,2.58425686930349,0.079266040840294,6.7118997155383,7.06761028297525,122.4032175115
886,1.76053169822351,0.411487917514735,8.98746679937541,6.54962829430221,120.46625578631
887,2.30399569471325,0.561038226704289,7.75870854691812,5.76577471792088,122.851472858615
888,2.60595895280952,1.22412575357345,7.28366702564591,4.44464194974801,121.648393440572
889,2.69629869039449,0.561868613050143,3.2877358827331,1.43517140529769,128.792241249433
890,2.21678037125985,0.445766774673565,3.27636611061001,1.44240082021079,129.348177028491
891,2.21875005304376,0.58168631482759,3.3476108772195,1.05265213386607,129.249511859973
892,2.65765059547581,0.765466068263085,3.04535870548189,0.856836285287514,129.248044713681
893,2.51797207277148,0.676830390274395,2.97583918890437,0.154705477593945,130.070472641819
894,2.93675579016061,1.48762235960886,2.73598194813456,0.272391074738989,128.34095590793
895,2.89509995385586,0.683342773431568,2.10043560896843,0.289602457720293,129.793172012536
896,2.28111403337709,0.0340361726231775,2.38226345824764,0.194227081118795,131.956519659253
897,2.22362150203603,0.837093624129196,3.85871007688831,0.0545266865304257,127.568236749412
898,2.70920306197649,0.144547099983177,2.01120893055351,0.258869720244692,130.641847007122
899,2.40357052963731,0.314776945354047,3.0305297125316,0.537850394975353,130.562168933738
900,2.22920950792076,0.764596080339336,3.33080417996934,0.541878699274961,128.972007677262
901,2.54845657895183,0.561428658552655,4.52763125124685,1.97533746580621,127.405126110953
902,2.41391961583624,1.22300025195976,3.31147037132706,2.22705593748986,126.159758299374
903,2.66019681730172,1.06977473639356,2.69851989237239,1.77948560027934,127.252690590476
904,2.38117225441685,0.116856954325476,4.0336284889841,0.761333456240018,129.186305382899
905,1.98490178896912,0.872767750480025,3.16481723116703,0.303554235699676,128.13104197355
906,1.90265723123474,0.27016191563953,2.82522047443285,0.990722903033101,130.032151336314
907,2.82176151767141,0.153849166623949,2.86316185960425,1.4186423620694,128.751954737829
908,2.83401332503415,0.259480987657042,3.34170622656676,0.465451978636605,129.183807923033
909,2.96473886691801,0.24792354979782,2.19265584798638,0.137241972133218,129.949970600895
910,1.96886571829214,0.0871943876009209,2.48173145334104,0.465200244826144,131.48234799533
911,2.88909193614668,0.0377728392920673,1.79206672686121,0.43576095173267,129.261780690629
912,2.04756881317201,0.119887182591885,3.58944222176813,2.15410640815784,129.178936158945
913,2.27646093561577,0.613502752955502,3.52049721626461,0.88455910053919,129.096299893796
914,2.50388475632907,0.0949221867806286,2.20157069645154,0.709109148093575,130.619862735487
915,1.89321586975242,0.211037857656799,3.20200986184441,0.399684601864813,130.352730543487
916,2.58683266366034,0.0359039118450796,3.21339057367518,0.0290589366974742,130.397818666299
917,1.51048353925889,0.454776825739505,1.82592746151613,0.288963947606716,127.641332176968
918,2.13625086353447,0.275735329560556,2.30929359208489,0.114772014385578,131.612641881602
919,2.27747076230671,0.0389529924512919,2.2962856177177,0.302219953443667,131.820653345313
920,1.91011409157748,0.098848244420281,3.12700463370182,0.61998360117311,130.754074063503
921,1.81513950267196,0.0257147548022865,1.96918766365414,0.973074272937775,129.978971154258
922,2.40748012001051,0.275042467232007,2.88795095490548,2.51958497665232,127.671500894958
923,2.6100611362826,0.125487016201638,3.83977808652042,0.135956731633804,128.901979457659
924,2.16700235747247,0.922982470691976,3.24980331276433,0.61282967025703,128.340109125769
925,3.15801559127335,1.02857870527126,3.1702952924557,0.746316736161645,127.933371647505
926,2.61784054755433,0.592722659557936,2.93538754406607,0.685297103173181,129.81921279115
927,2.49496576914451,0.255395396999172,2.29510092599076,0.0159685785521354,131.548713826376
928,2.49842044309285,0.450462619071525,2.47814590394117,0.0234916297921687,131.154408097397
929,2.46787845661638,0.817478918968493,2.44716340826468,0.198165052671803,130.232328840811
930,2.57778537619971,0.547068774398008,1.79205095491056,0.0567281869020285,130.710662300616
931,2.65948206808534,0.616134743744867,2.01777595572082,0.930495856250209,128.985097488718
932,2.0359959888832,0.2649675828047,3.68780176226128,1.55348071117095,129.270137967841
933,1.99744791595303,0.0486565535446047,2.42485876466705,1.10063089734415,130.61203186776
934,2.21661453737652,0.0586814379764088,3.31084356385643,2.25880187015379,129.142507383148
935,2.25643446509842,0.26795734619502,4.88547873183793,3.7281817725165,126.814624884692
936,1.89971094860541,0.105000400460325,7.28057470872295,4.82248555322273,124.221572452371
937,2.60084613171536,0.645333832714929,6.39066546984729,3.07319324729546,124.010356550081
938,2.86136680200763,1.01704241618896,6.61292798485938,1.80250172881308,121.12082870932
939,2.49989822286203,0.379904962912937,6.48180976343064,1.8159477847953,123.040979880415
940,2.56442256758394,0.392573788091482,4.91309186053884,3.0262956481545,126.808890652703
941,2.43835715756338,0.294825702769415,2.18972425531709,2.48384381934608,126.028136384911
942,2.47683193533922,0.22461140835577,2.21051045229856,0.293161264904147,131.245247501026
943,1.64218213015776,0.113190426351044,1.70573311940134,0.353260316636599,129.882319670868
944,2.68877560457661,0.481707413356048,1.77433683299257,0.135302483818831,130.418738551441
945,2.29472417791011,0.686459942458994,2.54878264354135,0.193056016917266,130.424476219646
946,2.64991498932413,0.317880438220534,2.65032183890357,0.507444054192138,130.442334466792
947,1.73092270682477,0.0868583085607263,1.95375585450367,0.799415328752398,129.858766739385
948,2.33094669129394,0.00495265124448679,3.18395703678105,0.581743593269887,130.922157966043
949,2.34493432292093,0.323337765169664,2.82196123357519,0.742051520679617,130.59131845092
950,2.43237763388211,0.0757869584227893,3.3260889161997,0.70285360760753,130.395487931453
951,1.81960084619625,0.0228045486538273,2.60306048439537,0.0825140621380526,131.729970505453
952,2.29254792391094,0.0574599256816859,1.8243182402852,0.02354680044176,131.959807825108
953,2.10121741374516,0.0688278450906928,2.60947152248159,0.0580901638846871,131.98761388598
954,1.83381331975753,0.00955635682517458,1.66670083703977,0.823980332017801,129.677980135746
955,2.91514677020242,1.09497989266555,3.98583053944053,0.582313616073736,126.991563082163
956,2.55499722205946,0.714965809423511,3.92238373950777,2.47003793748765,127.374821857713
957,2.25346804966584,0.181957973234222,3.67224637231716,1.57402169611988,129.573516309688
958,2.3413153151304,1.40326806336646,4.29743842045166,2.74031045534137,124.502997565855
959,2.87617650704708,0.062661779448817,4.01061552231666,2.24571433132104,127.251711276191
960,2.46874259893512,0.186091731925191,2.973418640734,2.28200802639312,128.321037793852
961,1.86382131066298,0.153089572667788,3.60127608438325,1.03136295680358,129.654615820338
962,2.17634183160689,0.183116504799755,3.63718982970779,1.15355487991711,129.872117078512
963,2.76213762060417,0.150585188503621,3.10324903806359,0.73207564360211,129.645179794004
964,3.37708949960521,0.130893005590261,2.706191978555,1.74773616510241,125.278617962612
965,3.3928583882453,1.37412761687462,3.04027356742723,1.21026341975081,126.735846094374
966,3.03642987570006,1.1058606291933,2.78668793170705,0.942735693068568,128.203105858785
967,2.49339313415243,0.705310602624995,2.34006765286413,0.944940819748597,129.371543113343
968,2.67273146210284,0.0549152150352841,3.14923037076157,1.45823733383202,129.257110574547
969,2.24814962079307,0.14373494658748,3.45819477675692,0.546737964699376,130.39783642791
970,2.08322127816989,0.292127156757881,2.15755609193167,0.716586996690269,130.500573789661
971,2.35820695976534,0.950056355330668,2.47194002279108,0.43244373388862,129.46013786077
972,2.73011022107742,0.383604333013237,3.06350852145017,0.267192288258742,129.956198045495
973,3.06126771159059,1.56824907999644,1.87386251315154,0.204160469678819,128.176271042734
974,2.75528434473063,1.20317263671109,2.42839277407567,0.273950225033656,129.227230442569
975,2.96719278930482,1.0634020682877,2.52433013890281,0.292225896355466,129.233983631193
976,1.72694261153504,0.986878057731921,1.72536739904603,0.597705114692376,125.4352449782
977,2.09214390368761,0.231110214736173,2.35382817263217,1.01848844104574,130.300122538957
978,2.03339233246168,0.373576272264486,2.66050845335285,0.192820750607959,130.912165611082
979,2.30279222822184,0.49272373100356,2.36998649358898,0.170005660798504,131.058205163496
980,2.15559292688995,0.0893977805909296,2.19381590492469,0.278661767333933,131.827360613503
981,2.23864556858182,0.626661945939925,2.38061650247789,0.532645764209485,130.160004627096
982,3.0064900011606,0.549302507506158,1.94346765388227,0.47331285834727,129.023845947526
983,2.82343233134725,0.238061435313196,2.72012134522939,1.10491432988199,129.176853704591
984,1.43490464175278,0.0885679105187943,2.63974344067997,0.80611355160264,128.671503667565
985,1.40730466009876,0.34951368971333,2.37472080387224,0.843259776870181,126.828665520688
986,2.73910040259109,0.427735654147789,1.79229811373071,0.633943711831318,129.266593545757
987,2.17287697311059,0.590138113355443,3.40361776551687,1.21709972116135,128.987807750552
988,1.9329133219447,0.202705064834263,3.20008928097847,0.756523697155129,130.300257629122
989,2.45115916676687,0.684253390156209,2.01676831013897,0.61183095040802,129.718764337702
990,2.53923490679167,0.810390464025418,3.22674190483528,0.511719546032636,129.254633852324
991,2.67927868019022,0.38929559026439,1.72498992957754,0.103383465949892,130.51948858409
992,2.07207928969038,0.228994998622024,2.74892835381296,0.464820291628222,131.090763867761
993,2.04038820265082,0.160768010189616,1.88204470999226,0.587574434634374,130.695727151672
994,2.22893615502417,0.600808232992441,1.34059646383745,0.538537240051028,128.102159171189
995,2.82449147460143,0.106884382878986,2.67243201466409,0.685747664971198,129.736246794171
996,2.30921518269197,0.393982430100854,3.1518757197086,0.147830543260668,130.470548571935
997,2.03035755257809,0.333080112288262,3.10333046572459,0.940988259071699,130.029296947554
998,2.26441894913606,0.154484051086136,3.01710242358713,0.9789738855672,130.619386903494
999,2.06515237375348,0.301903527948199,3.78581501395142,0.871467026443135,129.333474481559
1000,2.36566499375259,0.173425388135913,1.77310586591506,0.319285710254061,130.999405809431
